{"accuracy_top-1": 46.6436653137207, "accuracy_top-5": 71.80679321289062, "support": 13333.0, "precision": 63.35860001909932, "recall": 41.386951983498314, "f1_score": 41.15987850776229}