{"accuracy_top-1": 96.5724105834961, "accuracy_top-5": 98.9499740600586, "support": 13333.0, "precision": 96.8149772295378, "recall": 95.5998227515794, "f1_score": 95.9861908062377}