{"accuracy_top-1": 98.76996612548828, "accuracy_top-5": 99.81999206542969, "support": 13333.0, "precision": 98.7689291252457, "recall": 98.33808059261283, "f1_score": 98.49179173858151}