{"accuracy_top-1": 98.85997009277344, "accuracy_top-5": 99.81999206542969, "support": 13333.0, "precision": 98.81912807965294, "recall": 98.46823851305955, "f1_score": 98.58493972426184}