{"accuracy_top-1": 84.3246078491211, "accuracy_top-5": 95.45488739013672, "support": 13333.0, "precision": 85.97275348846655, "recall": 80.81088072624887, "f1_score": 80.92519327815403}